PhiC31_cassette_,atggatacctacgccggagcctacgacagacagagccgggagagagagaacagcagcgccgccagccccgccacccagagaagcgccaacgaggataaggccgccgatctgcagagagaggtggagagggacggcggcagattcagatttgtgggccacttcagcgaggcccctggcaccagcgccttcggcaccgccgagagacccgagttcgagagaatcctgaacgagtgtagggccggcaggctgaacatgatcatcgtgtacgacgtgtcccggttcagcaggctgaaggtgatggacgccatccctatcgtgtccgagctgctggccctgggcgtgaccatcgtgtccacccaggaaggcgtctttagacagggcaacgtgatggacctgatccacctgatcatgaggctggacgccagccacaaggagagcagcctgaagagcgccaagatcctggacaccaagaacctgcagagggagctgggcggctatgtgggcggcaaggccccctacggcttcgagctggtgtccgagaccaaggagatcacccggaacggcaggatggtgaacgtggtgatcaacaagctggcccacagcaccacccccctgaccggccccttcgagtttgagcccgacgtgatcaggtggtggtggcgggagatcaagacccacaagcacctgcctttcaagcccggcagccaggccgccatccaccccggcagcatcaccggcctgtgtaagagaatggacgccgacgccgtgcccaccagaggcgagaccatcggcaagaaaaccgccagcagcgcctgggaccccgccaccgtgatgagaatcctgagggaccctaggatcgccggcttcgccgccgaggtgatctacaagaagaagcccgacggcacccccaccaccaagatcgagggctacagaatccagagagaccccatcaccctgagacctgtggagctggactgtggccctatcatcgagcctgccgagtggtacgagctgcaggcctggctggacggcagaggcagaggcaagggcctgagcagaggccaggccatcctgagcgccatggacaagctgtactgtgagtgtggcgccgtgatgaccagcaagagaggcgaggagagcatcaaggacagctaccggtgccggagaagaaaggtggtggaccccagcgcccctggccagcacgagggcacctgtaatgtgagcatggccgccctggacaagttcgtggccgagcggatcttcaacaagatccggcacgccgagggcgacgaggagaccctggccctgctgtgggaggccgccagaagattcggcaagctgaccgaggcccccgagaagagcggcgagagggccaacctggtggccgagagagccgacgccctgaacgccctggaggagctgtacgaggacagagccgccggagcctatgacggccctgtgggcaggaagcacttcagaaagcagcaggccgccctgaccctgagacagcagggcgccgaggaaagactggccgagctggaggccgccgaggcccctaagctgcccctggatcagtggttccccgaggatgccgacgccgaccccaccggccccaagtcctggtggggcagagccagcgtggacgacaagagggtgttcgtgggcctgttcgtggataagatcgtggtgaccaagagcaccaccggcaggggccagggcacccccatcgagaagagagccagcatcacctgggccaagcctcccaccgacgacgacgaggatgacgcccaggacggcaccgaggacgtggccgcccctaagaaaaagcggaaagtg,PhiC31_integrase_NLS
PhiJoe_cassette_,ATGAGTAATCGGCTCCATGAATATGACGTCGAGGCGGAGTGGTCACCAGCGGACCTTGCCCTCCTGAGGAGTCTTGAGGAGGCCGAATCCTTGCTGCCAGAGTCCGCACCCAGGGCACTCCTCAGCGTCAGACTGAGCGTCTTTACGGAGGACACGACCTCTCCGGTACGGCAAGAACTGGACCTCAGGCAACTTGCGAGGGACAAGGGTATGCGCGTTGTCGGGGTGGCAAGCGATCTTAATGTCTCCGCTACCAAAGTGCCCCCCTGGAAGCGGAAATCTCTGGGCACGTGGCTGAACGATAGAGTACCGGAATTTGACGCACTTCTTTTCTGGAAAGTAGACCGATTCATACGAAACATGTCCGACTTGTCACGAATGATCGACTGGTCCAACAGATATGAGAAAAATCTCATTTCTAAGAACGACCCTATTGATCTGAGTACCCCTCTTGGTAAAATGATGGTCACGCTGCTCGGGGGGATCGCAGAGATTGAAGCTGCGAATACGAAGGCAAGGGTCGAGTCCCTGTGGGACTATAATAAAACCCAATCAGAGTGGCTGGTCGGTAAACCTCCCTATGGTTACACGACCGCGCGGGACGAGCAGGGCAAAAACCGCCTCGTAATCGACCCGAAAGCTTCAGAAGCCTTGCATCTGACCAGGCTCCATCTTCTGGAAGGAGGAAGTGTTAGAAGTTTTGTTCCAGTTCTTAAGGAGAAAGGACTCGTCTCTACGGGACTTACCCCCAGCACCTTGATACGGAGACTTCGGAACCCAGCACTCCTTGGTTACAGGGTGGAGGAAGACAAGAAGGGGGGCTTGCGCCGCAGCAAGGTGGTTGTAGGCCACGATGGGCAACCTATTGTCATAGCGGACCCTATATTCACACGGGAAGAGTGGGACACCCTGCAGGCAGCTATGGACGCAAGGAATAAGAACCAACCGCCCCGCCAGCCGAGTGGTGCGACCAAGTTCCGAGGAGTCCTGAAGTGCGTGGAGTGCGGAACTAATATGATCGTGCACCACACTAGAAATAAACACGGAGAATACGCATATCTGAGGTGCCAAGGTTGCCAAAGTGGTGGCCTTGGCAGCCCGCACCCCCAAGACGTCTACGATGCATTGGTTGGCCAGGTGCTCACTGTGTTGGGCGATTGGCCGGTACAAACGCGCGAATACGCTAGGGGCGCTGAGGCGAGAGCAGAAACTAAGCGACTGGAAGAGACTATTGCTGTATATATGAAGGGGCTCGAACCAGGAGGTAGGTACACTAAAACAAGATTTACAATGGAGCAAGCCGAAGCGACTCTCGACAAGCTCATCGCTGAGCTCGAGGCAATAGACCCCGATACTACTACGGACAGGTGGGTTTACGTAGCTGGCGGCAAGACCTTCCGAGAACATTGGGAGGAGGGAGGGATGGACGCTATGACGAGCGATCTCCTGCGGGCAGGTATTACTGCAACTGTTACCAGGACAAAAATCCCGAAGGTGAGAGCACCCAAGGTTGAACTCGACCTGGATATACCGAAGGATGTGCGAGAGAGATTGATTGTGCGCGAGGATGACTTTGCTGAAACCTTTCCGAAGAAAAAGCGGAAGGTT,PhiJoe_integrase_NLS
sprA_cassette_,ATGGAACTCAAGAACATTGTCAATTCTTATAACATTACCAACATTCTCGGTTATCTCCGGCGCTCAAGGCAAGATATGGAGAGAGAGAAGCGCACAGGCGAAGACACGCTTACGGAGCAAAAGGAGTTGATGAACAAGATACTCACCGCGATAGAAATTCCTTACGAATTGAAAATGGAAATTGGCTCTGGCGAATCAATTGACGGGAGGCCAGTATTCAAAGAGTGTCTGAAGGACTTGGAAGAAGGCAAGTATCAAGCGATAGCAGTTAAGGAGATAACGAGGCTGTCTCGGGGTTCTTACTCCGATGCAGGCCAAATTGTAAACCTCTTGCAGTCCAAACGCTTGATCATCATTACGCCATATAAAGTGTACGACCCTAGGAACCCCGTGGATATGCGACAGATTAGGTTCGAGTTGTTCATGGCAAGAGAAGAGTTTGAGATGACTAGAGAAAGAATGACGGGGGCTAAGTATACTTATGCCGCTCAGGGCAAGTGGATTTCCGGCCTCGCACCGTATGGGTATCAGTTGAACAAAAAAACCTCCAAACTGGATCCAGTCGAGGATGAGGCGAAAGTTGTGCAGTTGATTTTTAATATCTTTTTGAACGGCCTCAATGGCAAAGACTACTCATACACTGCCATTGCGTCTCACTTGACAAACCTCCAAATACCAACGCCTTCTGGAAAAAAACGCTGGAATCAGTACACCATTAAAGCGATTCTTCAAAACGAAGTTTATATTGGTACAGTGAAGTACAAGGTAAGGGAAAAGACTAAGGACGGGAAGAGAACTATACGACCCGAGAAAGAACAAATTGTTGTGCAAGACGCACACGCCCCGATAATAGACAAAGAGCAGTTTCAACAATCACAAGTGAAGATTGCAAATAAAGTTCCATTGCTTCCCAACAAAGACGAGTTTGAGCTCAGTGAGCTTGCTGGAGTCTGTACCTGCAGCAAGTGTGGCGAGCCCCTTAGTAAGTACGAGAGTAAACGAATTCGGAAGAATAAAGACGGAACAGAATCAGTTTATCACGTGAAAAGTCTGACGTGTAAGAAAAACAAATGTACGTATGTACGGTATAATGATGTCGAGAACGCTATACTCGATTACTTGAGCTCATTGAACGATTTGAATGATTCCACCCTTACTAAGCACATTAACAGTATGCTTAGTAAATACGAGGACGATAACTCCAACATGAAAACTAAGAAACAAATGAGTGAACACCTGAGCCAAAAGGAGAAAGAACTCAAGAACAAAGAAAATTTTATATTCGACAAGTACGAATCAGGGATCTATAGTGATGAACTCTTTCTCAAGCGGAAAGCGGCTCTTGACGAAGAATTTAAGGAGCTTCAGAACGCGAAAAATGAATTGAATGGATTGCAGGATACTCAATCCGAGATTGACTCTAATACTGTGAGGAACAACATAAACAAGATTATCGATCAGTACCATATAGAGAGCAGTAGTGAAAAGAAAAATGAACTTCTGCGCATGGTACTCAAGGACGTAATAGTCAACATGACGCAAAAACGCAAGGGACCCATCCCAGCTCAGTTTGAAATCACTCCTATACTGAGATTCAACTTCATATTCGACCTCACCGCAACCAATTCTTTCCATCCGAAGAAAAAGCGGAAGGTT,sprA_integrase_NLS
int12_cassette_,ATGAAGGTTGCGATCTATACGAGAGTGTCCTCAGCAGAGCAGGCGAACGAAGGTTATTCTATTCATGAACAAAAAAAGAAACTTATATCATACTGTGAGATTCACGACTGGAACGAGTATAAGGTCTTTACAGATGCGGGGATAAGTGGAGGAAGTATGAAAAGACCTGCATTGCAGAAACTGATGAAGCACCTGAGTTCTTTTGATCTCGTCCTCGTTTACAAACTGGACAGGCTCACGCGAAATGTAAGGGACCTCCTTGATATGCTGGAAGAGTTTGAACAATACAACGTGTCCTTTAAGAGTGCGACAGAAGTATTCGACACGACGTCCGCTATCGGAAAACTCTTCATAACCATGGTGGGGGCCATGGCAGAGTGGGAGCGGGAAACCATAAGAGAACGGAGTCTTTTTGGATCTCGAGCAGCCGTTCGAGAAGGCAACTATATCCGAGAGGCCCCTTTCTGTTATGATAATATAGAGGGCAAACTCCATCCTAACGAGTATGCGAAGGTTATTGATCTTATTGTTTCCATGTTCAAGAAGGGCATCTCTGCGAATGAAATCGCGAGGCGACTTAATAGCTCAAAGGTTCATGTCCCTAATAAGAAGAGTTGGAATCGGAATAGCCTGATTCGATTGATGAGAAGTCCTGTACTTCGCGGGCACACCAAATATGGGGATATGCTGATCGAAAACACTCATGAGCCAGTGCTCAGCGAGCACGACTACAATGCTATCAACAATGCCATATCAAGTAAGACGCATAAGTCCAAGGTCAAACATCACGCAATATTCAGAGGCGCCCTCGTTTGTCCCCAATGCAACCGGCGATTGCACTTGTATGCGGGAACAGTTAAAGACCGAAAAGGTTACAAATATGACGTCAGACGGTACAAGTGCGAAACGTGTTCTAAAAATAAGGATGTCAAGAATGTTAGTTTTAACGAATCAGAGGTCGAGAATAAGTTCGTCAACCTTCTGAAGAGCTACGAACTCAACAAATTTCATATCCGAAAGGTAGAACCAGTTAAGAAGATTGAGTACGACATTGATAAGATCAATAAACAAAAAATCAACTACACTCGCTCATGGTCGCTGGGCTACATCGAGGATGATGAATACTTTGAGCTTATGGAGGAAATAAATGCCACTAAAAAAATGATAGAGGAGCAGACCACTGAGAACAAGCAGTCTGTAAGCAAGGAGCAGATCCAAAGTATTAATAACTTTATACTCAAGGGGTGGGAAGAACTGACAATAAAGGACAAAGAAGAACTCATACTTAGCACTGTGGACAAGATCGAGTTTAATTTTATACCGAAGGACAAAAAGCACAAAACCAATACTTTGGACATAAACAATATCCACTTCAAGTTCCCTAAAAAAAAACGGAAAGTC,int12_integrase_NLS
int8_cassette_,ATGAAGGTCGCGGTATACTGTCGGGTAAGCACACTTGAACAAAAAGAGCACGGGCACTCCATCGAGGAGCAAGAGCGCAAGCTTAAGTCCTTCTGTGATATCAACGACTGGACGGTCTACGATACATACATCGACGCCGGTTATAGCGGCGCTAAGAGGGACCGGCCAGAATTGCAAAGACTTATGAACGACATTAACAAGTTCGATCTCGTGCTCGTGTATAAGCTTGATAGACTCACCCGCAATGTAAGGGACCTTTTGGATTTGTTGGAGATTTTCGAGAAGAACGATGTATCTTTTCGCTCTGCCACGGAAGTGTACGACACTACTACGGCGATGGGGAGGCTGTTTGTGACATTGGTAGGGGCGATGGCGGAATGGGAACGGGAAACGATACGCGAAAGGACACAGATGGGCAAGTTGGCTGCCCTTCGCAAAGGCATTATGCTGACCACGCCACCGTTTTACTACGACCGAGTCGATAACAAATTCGTTCCGAACAAGTACAAAGATGTAATACTCTGGGCATATGACGAGGCTATGAAAGGTCAGTCCGCCAAGGCGATAGCCCGAAAGCTCAATAACTCCGACATACCCCCGCCTAATAACACGCAGTGGCAAGGCCGAACAATTACACATGCTCTTAGGAACCCATTTACTCGGGGACATTTTGACTGGGGGGGCGTCCATATCGAAAATAACCACGAACCCATCATAACCGACGAGATGTATGAAAAGGTTAAAGATCGCCTTAATGAACGCGTCAACACCAAAAAAGTGCGGCATACGAGCATCTTTCGGGGAAAGCTGGTCTGCCCGGTTTGCAACGCTAGACTCACTCTTAATAGCCATAAAAAGAAATCCAACAGTGGGTATATCTTTGTTAAGCAGTATTACTGTAATAACTGCAAAGTTACTCCGAACCTCAAGCCGGTGTACATCAAGGAAAAAGAGGTCATAAAAGTGTTCTACAATTATCTGAAGAGATTTGATCTCGAAAAGTATGAAGTCACCCAAAAGCAAAACGAACCGGAGATTACAATCGATATAAATAAGGTTATGGAACAACGAAAAAGGTATCACAAACTCTATGCTTCTGGACTTATGCAAGAGGATGAGCTTTTCGACTTGATTAAGGAAACAGACCAAACAATCGCGGAATATGAGAAGCAAAACGAAAACCGCGAAGTGAAGCAATATGACATTGAGGATATTAAGCAATATAAAGACCTGTTGTTGGAGATGTGGGACATCTCTTCTGATGAGGACAAGGAGGATTTTATCAAGATGGCTATTAAAAATATTTACTTTGAATATATAATCGGCACAGGTAACACCAGTCGGAAAAGGAATAGCTTGAAGATAACGAGTATAGAATTCTACCCAAAGAAGAAGCGCAAAGTT,int8_integrase_NLS
Bxb1_cassette_,ATGCGAGCCCTGGTGGTCATTCGCCTGAGCAGAGTCACAGACGCTACTACAAGCCCTGAGCGGCAGCTGGAGTCCTGTCAGCAGCTGTGCGCACAGCGAGGATGGGATGTGGTCGGAGTGGCAGAGGATCTGGACGTGAGCGGGGCTGTCGATCCATTCGACCGAAAGCGCAGACCCAACCTGGCACGATGGCTGGCTTTCGAGGAACAGCCCTTTGATGTGATCGTCGCCTACAGAGTGGACAGGCTGACACGCTCAATTCGACATCTGCAGCAGCTGGTGCATTGGGCCGAGGATCACAAGAAACTGGTGGTCAGCGCAACTGAAGCCCACTTCGACACCACAACTCCTTTTGCCGCTGTGGTCATCGCACTGATGGGCACCGTGGCCCAGATGGAGCTGGAAGCTATCAAGGAGCGAAACCGGAGCGCAGCCCATTTCAATATTCGGGCCGGGAAATACAGAGGCAGCCTGCCCCCTTGGGGCTATCTGCCTACCCGGGTGGATGGGGAGTGGAGACTGGTGCCAGACCCCGTCCAGAGAGAGAGGATTCTGGAAGTGTACCACAGAGTGGTGGACAACCACGAACCACTGCATCTGGTGGCCCACGATCTGAATAGGCGCGGAGTCCTGTCTCCAAAGGACTATTTTGCTCAGCTGCAGGGAAGGGAGCCACAGGGACGAGAATGGAGTGCTACCGCACTGAAGCGGTCTATGATCAGTGAGGCTATGCTGGGCTATGCAACTCTGAATGGGAAAACCGTGAGGGACGATGACGGAGCACCACTGGTGCGGGCTGAGCCTATTCTGACAAGAGAGCAGCTGGAAGCTCTGAGGGCAGAACTGGTGAAAACCAGTAGGGCCAAGCCTGCTGTGTCAACACCAAGCCTGCTGCTGCGAGTGCTGTTCTGCGCAGTCTGTGGCGAGCCAGCATACAAATTTGCCGGCGGGGGAAGGAAGCATCCCCGCTATCGATGCCGGAGCATGGGGTTCCCTAAGCACTGTGGAAACGGCACTGTGGCTATGGCCGAATGGGACGCCTTTTGTGAGGAACAGGTGCTGGATCTGCTGGGGGACGCAGAGCGCCTGGAAAAAGTGTGGGTCGCTGGAAGCGATTCCGCTGTGGAGCTGGCAGAAGTCAATGCCGAGCTGGTGGACCTGACCTCCCTGATCGGATCTCCTGCATACAGGGCAGGCTCCCCACAGCGAGAAGCTCTGGATGCACGAATTGCTGCACTGGCAGCTCGACAGGAGGAACTGGAGGGGCTGGAAGCCAGACCCTCTGGATGGGAGTGGCGAGAAACAGGCCAGCGGTTTGGGGATTGGTGGAGGGAGCAGGACACAGCAGCCAAGAACACTTGGCTGAGATCCATGAATGTCAGGCTGACTTTCGACGTGCGAGGAGGACTGACCCGAACAATCGATTTTGGCGACCTGCAGGAGTATGAACAGCATCTGCGCCTGGGAAGTGTGGTCGAGCGACTGCACACCGGCATGTCAGATCCTAAGAAAAAGCGAAAAGTG,Bxb1_integrase_NLS
TP901_cassette_,ATGACCAAGAAGGTGGCCATCTACACCAGAGTGTCCACCACCAACCAGGCCGAGGAAGGCTTCAGCATCGACGAGCAGATCGACCGGCTGACCAAATACGCCGAGGCCATGGGATGGCAGGTGTCCGATACCTACACCGACGCCGGCTTTAGCGGCGCCAAGCTGGAAAGACCCGCCATGCAGCGGCTGATCAACGACATCGAGAACAAGGCCTTCGACACCGTGCTGGTGTACAAGCTGGACAGGCTGAGCAGAAGCGTGCGGGACACCCTGTACCTCGTGAAGGACGTGTTCACCAAGAACAAGATCGACTTCATCAGCCTGAACGAGAGCATCGACACCAGCAGCGCTATGGGCAGCCTGTTCCTGACCATCCTGAGCGCCATCAACGAGTTCGAGCGCGAGAACATCAAAGAACGGATGACCATGGGCAAGCTGGGCAGAGCCAAGAGCGGCAAGAGCATGATGTGGACCAAGACCGCCTTCGGCTACTACCACAACAGAAAGACCGGCATCCTGGAAATAGTGCCACTGCAGGCCACCATCGTGGAACAGATCTTCACCGACTACCTGAGCGGCATCTCCCTGACCAAGCTGAGAGACAAGCTGAACGAGTCCGGCCACATCGGCAAGGACATCCCTTGGAGCTACCGGACCCTGCGGCAGACCCTGGACAACCCTGTGTACTGCGGCTACATCAAGTTCAAGGACTCCCTGTTCGAGGGCATGCACAAGCCCATCATCCCTTACGAGACATACCTGAAGGTGCAGAAAGAGCTGGAAGAGAGACAGCAGCAGACCTACGAGCGGAACAACAACCCCAGACCCTTCCAGGCCAAGTACATGCTGTCCGGCATGGCCAGATGCGGCTACTGTGGCGCCCCTCTGAAGATCGTGCTGGGCCACAAGAGAAAGGACGGCAGCCGGACCATGAAGTACCACTGCGCCAACCGGTTCCCTAGAAAGACCAAGGGCATCACCGTGTACAACGACAACAAGAAGTGCGACAGCGGCACCTACGACCTGAGCAACCTGGAAAACACCGTGATCGACAACCTGATCGGCTTCCAGGAAAACAACGACAGCCTGCTGAAGATCATCAACGGCAACAACCAGCCCATCCTGGACACCTCCAGCTTCAAGAAGCAGATCAGCCAGATCGACAAGAAGATCCAGAAGAACAGCGACCTGTACCTGAACGATTTCATCACCATGGACGAGCTGAAGGACCGGACCGACTCTCTGCAGGCCGAGAAGAAGCTGCTGAAGGCCAAGATCTCTGAGAACAAGTTCAACGATAGCACCGACGTGTTCGAGCTCGTGAAAACACAGCTGGGCTCCATCCCCATCAATGAGCTGAGCTACGATAACAAGAAAAAGATTGTGAACAACCTGGTGTCTAAGGTGGACGTGACCGCCGACAACGTGGACATCATCTTCAAGTTCCAGCTGGCCCCCAAGAAAAAGCGGAAGGTG,TP901_integrase_NLS
sv40_terminator_,aacttgtttattgcagcttataatggttacaaataaagcaatagcatcacaaatttcacaaataaagcatttttttcactgcattctagttgtggtttgtccaaactcatcaatgtatcttatcatgtctgGATC,sv40_terminator
RBG_terminator_,ACTCCTCAGGTGCAGGCTGCCTATCAGAAGGTGGTGGCTGGTGTGGCCAATGCCCTGGCTCACAAATACCACTGAGATCTTTTTCCCTCTGCCAAAAATTATGGGGACATCATGAAGCCCCTTGAGCATCTGACTTCTGGCTAATAAAGGAAATTTATTTTCATTGCAATAGTGTGTTGGAATTTTTTGTGTCTCTCACTCGGAAGGACATATGGGAGGGCAAATCATTTAAAACATCAGAATGAGTATTTGGTTTAGAGTTTGGCAACATATGCCCATATGCTGGCTGCCATGAACAAAGGTTGGCTATAAAGAGGTCATCAGTATATGAAACAGCCCCCTGCTGTCCATTCCTTATTCCATAGAAAAGCCTTGACTTGAGGTTAGATTTTTTTTATATTTTGTTTTGTGTTATTTTTTTCTTTAACATCCCTAAAATTTTCCTTACATGTTTTACTAGCCAGATTTTTCCTCCTCTCCTGACTACTCCCAGTCATAGCTGTCCCTCTTCTCTTATGGAGATCCCTCGACCTGCAG,RBG_terminator
BGH_terminator_,attccgatctgtgccttctagttgccagccatctgttgtttgcccctcccccgtgccttccttgaccctggaaggtgccactcccactgtcctttcctaataaaatgaggaaattgcatcgcattgtctgagtaggtgtcattctattctggggggtggggtggggcaggacagcaagggggaggattgggaagacaatagcaggcatgctggggatgcggtgggctctatgg,BGH_Terminator
PhiC31_RDF_,atgCCCAAGAAAAAGCGGAAAGTGATGGCGAAAAGAAGCATATGGGCAGGGGATGAGGACAATAAGCCGAAAAAGAGAGAAACGTATGCAGACGATACAGTTGGCCGATTTCACTCAGGGTACAGCGAGACCAACGAGCGGGGAAAAGTGGTCCCGGTAGCCCTCGATAAGTGGCGGATTAGCACGGGTGAACAAAGTGTAGCAGATGCAGTAGCCCAATTGTTTGGAGGAACGCCCGTGGAAAATGAAGAATCCACATCAGAGAACTTTATTGATGTATTCACAGATAGACCTAAGGTTCCTGTAATAATCGAGGCCGATGGCATCCACTGGGATATGAAGTTGTGGCTTAACGGGAAGCTGAAACATCACTGCGACGGATTTGACTTCGTCAGTCACGCAGATGAAGAAATGATCGGCCAACCATGCGGCTGCCCGAAACTCTTTGATGAACGCAAAGCGGCTGCGAAGGAATATGACGCACCCAATCCGGCAATTACCGTTACGTTTACGCTGGCCGACGATCCTGAACTCGGTAGGTTTAAATTCCAAACTGGGAGCTGGACCCTTTTTAAGGTACTTCACGAAGCGGAGGACGATGTTGAGCGGGTAGGTAAGGGGGGAGCGGTGCTGGCGAATTTGGAACTTGAGCTGGTGGAGTACACTCCTAAGAGGGGTCCTATGCGAAACAAACTCGTGAGCTATTACAAGCCCACGATCACCGTTTTGAAGTCTTATAACGACGCTATTGCAGATCCCAAGAAAAAGCGCAAAGTT,NLS_PhiC31_RDF
PhiJoe_RDF_,atgCCCAAGAAAAAGCGGAAAGTGATGAATGGGCAGATCCTCGAACGCTTGGCTGAAACCGTGTTGGCGTTGCCAGAAGACCAAAGGGAAGCATTCGTCGCTTCTATAGTACCCAGTCGACCTGCACCAGCTCCCAGACTTGCAGGCGAGCCTCGACCCTTGCCCCCACCTAGAACGCGAGCATCTGTAACTACCTCAGTACGCTGGGTA,NLS_PhiJoe_RDF
sprB_RDF_,atgCCCAAGAAAAAGCGGAAAGTGATGGAACCCTACCAACGCTATGAGGAGCTGAAGAAAAAGACTATCAAGGTGGTCCAGAAGGAAAACTATTCAATACGGTACATCACTCAAGATGAAGCCAGCAATGACCTCGACGAGTTCTATAAGCAATTCGCTCAGCATCTCCTGGAAGCAGCTTTGGAGAGAAAGGCCGAA,NLS_SprB_RDF
Bxb1_RDF_,atgCCCAAGAAAAAGCGGAAAGTGATGACACAACGCATAGTTTTTTTGCCAGACACCCAACTGCCTTTTGAAGCTAGAAAAGAGATGCAGGCGGTGATACGCTTCATCGGTGACGTGCAGCCCTATGGGGTCGTACATATTGGTGACGTGTTGGATCTTCCACAACCGTCTCGGTGGAACAGGGGCACTAAAGGAGAATTTGAGGGGTCTGTTTACCGAGATGCTGATTATGCAAAGAAAAATCTTATGGAACCGCTCAGGAAGGTATACGATGGATGGATAGGTATGCATGAGGGTAACCATGACCTCCGCGCAAGGGAATATCTGGCTAAGAATGCACCTGCACTCGAAGGGACTCACGCTTTCGACATTGATGTGCTGCTGGATTTCGATGGGTTTGGTGTAGAGTTGCTCCCTGATTTTTACGACATTGCCCCGGGTTGGATCTCTACACACGGACATATGGGGAAAATGACGCTCAGCCAAATCGCGGGTTCTACCGCACTCAACGGTGCTAAGAAGTTCGGCAAGTCAGTCGTATGCGGGCATACACACAGGCAGGCCGTGGTCTCTCATTCTTTCGGGTACGGAGGATCAGTTCGCAAGACAGTAACTGGTATGGAGGTGGGGCATCTGATGGATATGAAAAAAGCAAATTACCTCAAAGGGGGCGCGGGAAATTGGCAGATGGGTTTTGGTATGCTGACCGTGGACGGGAAGCACGTAAAAGCTGAAATCGTACCAATCCTGGGGGGGAAGTTCACAGTAGATGGACAGGTCTGGGAAGTACCCAAAAAAAAGCGAAAAGTA,NLS_Bxb1_RDF
TP901_RDF_,atgCCCAAGAAAAAGCGGAAAGTGATGGGTGATAAACGGAGTCCTACTAAGACAGTTACTTCATGGCCCAACGTGACATTCTGGTCAGAAGGAAAGACTAACAGTATGAATAAGGAGGAGTTCGAGGAGTTTAAGTCTCGCACGGTGTGGCCGAACGGGGTGGGAGAGATGCGAGTCCGAGATGCCTACAATACTGTTATGGAAAGACTTAAAAGTCCGAAGAAGAAACGAAAGGTC,NLS_TP901_RDF
pEF1alpha_promoter_,ggatctgcgatcgctccggtgcccgtcagtgggcagagcgcacatcgcccacagtccccgagaagttggggggaggggtcggcaattgaacgggtgcctagagaaggtggcgcggggtaaactgggaaagtgatgtcgtgtactggctccgcctttttcccgagggtgggggagaaccgtatataagtgcagtagtcgccgtgaacgttctttttcgcaacgggtttgccgccagaacacagctgaagcttcgaggggctcgcatctctccttcacgcgcccgccgccctacctgaggccgccatccacgccggttgagtcgcgttctgccgcctcccgcctgtggtgcctcctgaactgcgtccgccgtctaggtaagtttaaagctcaggtcgagaccgggcctttgtccggcgctcccttggagcctacctagactcagccggctctccacgctttgcctgaccctgcttgctcaactctacgtctttgtttcgttttctgttctgcgccgttacagatccaagctgtgaccggcgcctac,pEF1a
pCMV_promoter_,GCGCGCGTTGACATTGATTATTGACTAGTTATTAATAGTAATCAATTACGGGGTCATTAGTTCATAGCCCATATATGGAGTTCCGCGTTACATAACTTACGGTAAATGGCCCGCCTGGCTGACCGCCCAACGACCCCCGCCCATTGACGTCAATAATGACGTATGTTCCCATAGTAACGCCAATAGGGACTTTCCATTGACGTCAATGGGTGGAGTATTTACGGTAAACTGCCCACTTGGCAGTACATCAAGTGTATCATATGCCAAGTACGCCCCCTATTGACGTCAATGACGGTAAATGGCCCGCCTGGCATTATGCCCAGTACATGACCTTATGGGACTTTCCTACTTGGCAGTACATCTACGTATTAGTCATCGCTATTACCATGGTGATGCGGTTTTGGCAGTACATCAATGGGCGTGGATAGCGGTTTGACTCACGGGGATTTCCAAGTCTCCACCCCATTGACGTCAATGGGAGTTTGTTTTGGCACCAAAATCAACGGGACTTTCCAAAATGTCGTAACAACTCCGCCCCATTGACGCAAATGGGCGGTAGGCGTGTACGGTGGGAGGTCTATATAAGCAGAGCTCT,pCMV
pCycDep_promoter_,tacaagatttttgttggcaactggtctaagtatgaaattatttccaaatagaaagctaaaacaaacaaaacaattggccttgggaaactggacaatcttgaagtaatcaagtaatattgttaagggacaatcagtgttgtgaaaacaacacggatacaccccctccctccccctcaaaaaaaaaccctaaattcagttcccccgttgctaatgtgtgatcctggcaaagtcatctaagtcgctgagcttcagttcctccaacccagagagttgttgcaacgatcaaatgaaagaatgtctattaaagcctttcatgaactatattattgctgctaccgtagaaatggaaagtgtgcaacactagatccaaaactacttttgacacttctgagactgtggccgcgcctctgtcaccttccaaaggccactaggcctttcctgagctggcattggcaacgcacactcttgcccggctaacctttccaggtgggcggcgcactggcttcactgctctccaggtggccgctgcagctgcctgagagcgcaggcgcagaggcagaccacgtgagagcctgggcaggccttccggcctagcctcactgtggccccgcccctctcgaacgccttcgcgcgatcgccctggaaacgcattctctgcgaccggcagccgccaatgggaagggagtgagtgccacgaacaggccaataaggagggagcagtgcggggtttaaatctgaggctaggctggctcttctcggcgtgctgcggcggaacggctgttggtttctgctggttgtaggtccttggctggtcgggcctccggtgttctgctcctccccgctgagctgctgcctggtgaagaggaagccatg,pCycB1
IRES_,CCCCCCCCTAACGTTACTGGCCGAAGCCGCTTGGAATAAGGCCGGTGTGCGTTTGTCTATATGTTATTTTCCACCATATTGCCGTCTTTTGGCAATGTGAGGGCCCGGAAACCTGGCCCTGTCTTCTTGACGAGCATTCCTAGGGGTCTTTCCCCTCTCGCCAAAGGAATGCAAGGTCTGTTGAATGTCGTGAAGGAAGCAGTTCCTCTGGAAGCTTCTTGAAGACAAACAACGTCTGTAGCGACCCTTTGCAGGCAGCGGAACCCCCCACCTGGCGACAGGTGCCTCTGCGGCCAAAAGCCACGTGTATAAGATACACCTGCAAAGGCGGCACAACCCCAGTGCCACGTTGTGAGTTGGATAGTTGTGGAAAGAGTCAAATGGCTCTCCTCAAGCGTATTCAACAAGGGGCTGAAGGATGCCCAGAAGGTACCCCATTGTATGGGATCTGATCTGGGGCCTCGGTGCACATGCTTTACATGTGTTTAGTCGAGGTTAAAAAACGTCTAGGCCCCCCGAACCACGGGGACGTGGTTTTCCTTTGAAAAACACGATGATAATATGGCCACAACC,IRES_EMCV_A6
T2A_,GGCAGCGGCGAAGGCAGGGGCTCCCTTCTCACCTGCGGCGACGTTGAAGAGAATCCAGGGCCT,T2A
Kozak_,GCCGCCACC,Kozak
Stop1_,TGA,Stop
Stop2_,TAA,Stop
PhiC31_1_attB_site_,CGGTGCGGGTGCCAGGGCGTGCCCttGGGCTCCCCGGGCGCGTACTCCAC,PhiC31_attB_1
PhiC31_1_attP_site_,GTAGTGCCCCAACTGGGGTAACCTttGAGTTCTCTCAGTTGGGGGCGTAG,PhiC31_attP_1
PhiC31_2_attB_site_,CGGTGCGGGTGCCAGGGCGTGCCCccGGGCTCCCCGGGCGCGTACTCCAC,PhiC31_attB_2
PhiC31_2_attP_site_,GTAGTGCCCCAACTGGGGTAACCTccGAGTTCTCTCAGTTGGGGGCGTAG,PhiC31_attP_2
PhiC31_3_attB_site_,CGGTGCGGGTGCCAGGGCGTGCCCgtGGGCTCCCCGGGCGCGTACTCCAC,PhiC31_attB_3
PhiC31_3_attP_site_,GTAGTGCCCCAACTGGGGTAACCTgtGAGTTCTCTCAGTTGGGGGCGTAG,PhiC31_attP_3
PhiC31_4_attB_site_,CGGTGCGGGTGCCAGGGCGTGCCCgaGGGCTCCCCGGGCGCGTACTCCAC,PhiC31_attB_4
PhiC31_4_attP_site_,GTAGTGCCCCAACTGGGGTAACCTgaGAGTTCTCTCAGTTGGGGGCGTAG,PhiC31_attP_4
PhiC31_5_attB_site_,CGGTGCGGGTGCCAGGGCGTGCCCctGGGCTCCCCGGGCGCGTACTCCAC,PhiC31_attB_5
PhiC31_5_attP_site_,GTAGTGCCCCAACTGGGGTAACCTctGAGTTCTCTCAGTTGGGGGCGTAG,PhiC31_attP_5
PhiC31_6_attB_site_,CGGTGCGGGTGCCAGGGCGTGCCCcaGGGCTCCCCGGGCGCGTACTCCAC,PhiC31_attB_6
PhiC31_6_attP_site_,GTAGTGCCCCAACTGGGGTAACCTcaGAGTTCTCTCAGTTGGGGGCGTAG,PhiC31_attP_6
PhiJoe_1_attB_site_,ATCTGGATGTGGGTGTCCATCTGCggGCAGACGCCGCAGTCGAAGCACGG,PhiJoe_attB_1
PhiJoe_1_attP_site_,AGTTGTGGCCATGTGTCCATCTGGggGCAGATGGAGACGGGGTCACATCC,PhiJoe_attP_1
PhiJoe_2_attB_site_,ATCTGGATGTGGGTGTCCATCTGCaaGCAGACGCCGCAGTCGAAGCACGG,PhiJoe_attB_2
PhiJoe_2_attP_site_,AGTTGTGGCCATGTGTCCATCTGGaaGCAGATGGAGACGGGGTCACATCC,PhiJoe_attP_2
PhiJoe_3_attB_site_,ATCTGGATGTGGGTGTCCATCTGCgtGCAGACGCCGCAGTCGAAGCACGG,PhiJoe_attB_3
PhiJoe_3_attP_site_,AGTTGTGGCCATGTGTCCATCTGGgtGCAGATGGAGACGGGGTCACATCC,PhiJoe_attP_3
PhiJoe_4_attB_site_,ATCTGGATGTGGGTGTCCATCTGCgaGCAGACGCCGCAGTCGAAGCACGG,PhiJoe_attB_4
PhiJoe_4_attP_site_,AGTTGTGGCCATGTGTCCATCTGGgaGCAGATGGAGACGGGGTCACATCC,PhiJoe_attP_4
PhiJoe_5_attB_site_,ATCTGGATGTGGGTGTCCATCTGCctGCAGACGCCGCAGTCGAAGCACGG,PhiJoe_attB_5
PhiJoe_5_attP_site_,AGTTGTGGCCATGTGTCCATCTGGctGCAGATGGAGACGGGGTCACATCC,PhiJoe_attP_5
PhiJoe_6_attB_site_,ATCTGGATGTGGGTGTCCATCTGCcaGCAGACGCCGCAGTCGAAGCACGG,PhiJoe_attB_6
PhiJoe_6_attP_site_,AGTTGTGGCCATGTGTCCATCTGGcaGCAGATGGAGACGGGGTCACATCC,PhiJoe_attP_6
sprA_1_attB_site_,ATGTCATTAATATCAGTACAGATaaAGCTGTATCTCCTGTGAACACAATG,sprA_attB_1
sprA_1_attP_site_,AAAGTAGTAAGTATCTTAAAAAACAGATaaAGCTGTATATTAGATACTTACTACA,sprA_attP_1
sprA_2_attB_site_,ATGTCATTAATATCAGTACAGATccAGCTGTATCTCCTGTGAACACAATG,sprA_attB_2
sprA_2_attP_site_,AAAGTAGTAAGTATCTTAAAAAACAGATccAGCTGTATATTAGATACTTACTACA,sprA_attP_2
sprA_3_attB_site_,ATGTCATTAATATCAGTACAGATgtAGCTGTATCTCCTGTGAACACAATG,sprA_attB_3
sprA_3_attP_site_,AAAGTAGTAAGTATCTTAAAAAACAGATgtAGCTGTATATTAGATACTTACTACA,sprA_attP_3
sprA_4_attB_site_,ATGTCATTAATATCAGTACAGATgaAGCTGTATCTCCTGTGAACACAATG,sprA_attB_4
sprA_4_attP_site_,AAAGTAGTAAGTATCTTAAAAAACAGATgaAGCTGTATATTAGATACTTACTACA,sprA_attP_4
sprA_5_attB_site_,ATGTCATTAATATCAGTACAGATctAGCTGTATCTCCTGTGAACACAATG,sprA_attB_5
sprA_5_attP_site_,AAAGTAGTAAGTATCTTAAAAAACAGATctAGCTGTATATTAGATACTTACTACA,sprA_attP_5
sprA_6_attB_site_,ATGTCATTAATATCAGTACAGATcaAGCTGTATCTCCTGTGAACACAATG,sprA_attB_6
sprA_6_attP_site_,AAAGTAGTAAGTATCTTAAAAAACAGATcaAGCTGTATATTAGATACTTACTACA,sprA_attP_6
int12_1_attB_site_,gttcgtggtaactatgggtggtacaggtgccACattagttgtaccatttatgtttatgtggttaac,int12_attB_1
int12_1_attP_site_,tttttgtatgttagttgtgtcactgggtagACctaaatagtgacacaactgctattaaaatttaa,int12_attP_1
int12_2_attB_site_,gttcgtggtaactatgggtggtacaggtgccAAattagttgtaccatttatgtttatgtggttaac,int12_attB_2
int12_2_attP_site_,tttttgtatgttagttgtgtcactgggtagAActaaatagtgacacaactgctattaaaatttaa,int12_attP_2
int12_3_attB_site_,gttcgtggtaactatgggtggtacaggtgccCCattagttgtaccatttatgtttatgtggttaac,int12_attB_3
int12_3_attP_site_,tttttgtatgttagttgtgtcactgggtagCCctaaatagtgacacaactgctattaaaatttaa,int12_attP_3
int12_4_attB_site_,gttcgtggtaactatgggtggtacaggtgccGAattagttgtaccatttatgtttatgtggttaac,int12_attB_4
int12_4_attP_site_,tttttgtatgttagttgtgtcactgggtagGActaaatagtgacacaactgctattaaaatttaa,int12_attP_4
int12_5_attB_site_,gttcgtggtaactatgggtggtacaggtgccCTattagttgtaccatttatgtttatgtggttaac,int12_attB_5
int12_5_attP_site_,tttttgtatgttagttgtgtcactgggtagCTctaaatagtgacacaactgctattaaaatttaa,int12_attP_5
int12_6_attB_site_,gttcgtggtaactatgggtggtacaggtgccCAattagttgtaccatttatgtttatgtggttaac,int12_attB_6
int12_6_attP_site_,tttttgtatgttagttgtgtcactgggtagCActaaatagtgacacaactgctattaaaatttaa,int12_attP_6
int8_1_attB_site_,caatcatcagataactatggcggcacgtgcattAAccacggttgtatcccgtctaaagtactcgt,int8_attB_1
int8_1_attP_site_,ttaataaactatggaagtatgtacagtcttgcAAtgttgagtgaacaaacttccataataaaat,int8_attP_1
int8_2_attB_site_,caatcatcagataactatggcggcacgtgcattCCccacggttgtatcccgtctaaagtactcgt,int8_attB_2
int8_2_attP_site_,ttaataaactatggaagtatgtacagtcttgcCCtgttgagtgaacaaacttccataataaaat,int8_attP_2
int8_3_attB_site_,caatcatcagataactatggcggcacgtgcattGTccacggttgtatcccgtctaaagtactcgt,int8_attB_3
int8_3_attP_site_,ttaataaactatggaagtatgtacagtcttgcGTtgttgagtgaacaaacttccataataaaat,int8_attP_3
int8_4_attB_site_,caatcatcagataactatggcggcacgtgcattGAccacggttgtatcccgtctaaagtactcgt,int8_attB_4
int8_4_attP_site_,ttaataaactatggaagtatgtacagtcttgcGAtgttgagtgaacaaacttccataataaaat,int8_attP_4
int8_5_attB_site_,caatcatcagataactatggcggcacgtgcattCTccacggttgtatcccgtctaaagtactcgt,int8_attB_5
int8_5_attP_site_,ttaataaactatggaagtatgtacagtcttgcCTtgttgagtgaacaaacttccataataaaat,int8_attP_5
int8_6_attB_site_,caatcatcagataactatggcggcacgtgcattCAccacggttgtatcccgtctaaagtactcgt,int8_attB_6
int8_6_attP_site_,ttaataaactatggaagtatgtacagtcttgcCAtgttgagtgaacaaacttccataataaaat,int8_attP_6
Bxb1_1_attB_site_,TCGGCCGGCTTGTCGACGACGGCGgtCTCCGTCGTCAGGATCATCCGGGC,Bxb1_attB_1
Bxb1_1_attP_site_,TGGTTTGTCTGGTCAACCACCGCGgtCTCAGTGGTGTACGGTACAAACCC,Bxb1_attP_1
Bxb1_2_attB_site_,TCGGCCGGCTTGTCGACGACGGCGaaCTCCGTCGTCAGGATCATCCGGGC,Bxb1_attB_2
Bxb1_2_attP_site_,TGGTTTGTCTGGTCAACCACCGCGaaCTCAGTGGTGTACGGTACAAACCC,Bxb1_attP_2
Bxb1_3_attB_site_,TCGGCCGGCTTGTCGACGACGGCGccCTCCGTCGTCAGGATCATCCGGGC,Bxb1_attB_3
Bxb1_3_attP_site_,TGGTTTGTCTGGTCAACCACCGCGccCTCAGTGGTGTACGGTACAAACCC,Bxb1_attP_3
Bxb1_4_attB_site_,TCGGCCGGCTTGTCGACGACGGCGgaCTCCGTCGTCAGGATCATCCGGGC,Bxb1_attB_4
Bxb1_4_attP_site_,TGGTTTGTCTGGTCAACCACCGCGgaCTCAGTGGTGTACGGTACAAACCC,Bxb1_attP_4
Bxb1_5_attB_site_,TCGGCCGGCTTGTCGACGACGGCGctCTCCGTCGTCAGGATCATCCGGGC,Bxb1_attB_5
Bxb1_5_attP_site_,TGGTTTGTCTGGTCAACCACCGCGctCTCAGTGGTGTACGGTACAAACCC,Bxb1_attP_5
Bxb1_6_attB_site_,TCGGCCGGCTTGTCGACGACGGCGcaCTCCGTCGTCAGGATCATCCGGGC,Bxb1_attB_6
Bxb1_6_attP_site_,TGGTTTGTCTGGTCAACCACCGCGcaCTCAGTGGTGTACGGTACAAACCC,Bxb1_attP_6
TP901_1_attB_site_,ATAATTGCCAACACAATTAACATCtcAATCAAGGTAAATGCTTTTTGCTT,TP901_attB_1
TP901_1_attP_site_,TTGCGAGTTTTTATTTCGTTTATTtcAATTAAGGTAACTAAAAAACTCCT,TP901_attP_1
TP901_2_attB_site_,ATAATTGCCAACACAATTAACATCttAATCAAGGTAAATGCTTTTTGCTT,TP901_attB_2
TP901_2_attP_site_,TTGCGAGTTTTTATTTCGTTTATTttAATTAAGGTAACTAAAAAACTCCT,TP901_attP_2
TP901_3_attB_site_,ATAATTGCCAACACAATTAACATCggAATCAAGGTAAATGCTTTTTGCTT,TP901_attB_3
TP901_3_attP_site_,TTGCGAGTTTTTATTTCGTTTATTggAATTAAGGTAACTAAAAAACTCCT,TP901_attP_3
TP901_4_attB_site_,ATAATTGCCAACACAATTAACATCtgAATCAAGGTAAATGCTTTTTGCTT,TP901_attB_4
TP901_4_attP_site_,TTGCGAGTTTTTATTTCGTTTATTtgAATTAAGGTAACTAAAAAACTCCT,TP901_attP_4
TP901_5_attB_site_,ATAATTGCCAACACAATTAACATCgtAATCAAGGTAAATGCTTTTTGCTT,TP901_attB_5
TP901_5_attP_site_,TTGCGAGTTTTTATTTCGTTTATTgtAATTAAGGTAACTAAAAAACTCCT,TP901_attP_5
TP901_6_attB_site_,ATAATTGCCAACACAATTAACATCctAATCAAGGTAAATGCTTTTTGCTT,TP901_attB_6
TP901_6_attP_site_,TTGCGAGTTTTTATTTCGTTTATTctAATTAAGGTAACTAAAAAACTCCT,TP901_attP_6
